n,r,w,num_steps,mean_p,mean_q
100,50,0.0,10000,0.16271636453667251,0.08373759605086972
100,50,0.049999999999999996,10000,0.19999244674975047,0.09841391919838745
100,50,0.09999999999999999,10000,0.30879281840233774,0.20481154310866467
100,50,0.15,10000,0.5268575836744857,0.42439552781990403
100,50,0.19999999999999998,10000,0.5213461320990441,0.42952871419048433
100,50,0.24999999999999997,10000,0.5916660921953563,0.5022134046808769
100,50,0.3,10000,0.6590206711885704,0.5684997691990812
100,50,0.35,10000,0.6873826229956954,0.5932991104224453
